1,2,3
275,Адаптер внешний 1/2 и 3/4 Startul Garden,9.0
418,Адаптер внешний 1/2 и 3/4 ВОЛАТ,9.0
276,Адаптер внутренний 1/2 Startul garden,9.0
277,Адаптер внутренний 3/4 Startul garden,9.0
592,Американка внутренняя-внутренняя DN 40 чугун,9.0
593,Американка внутренняя-наружная DN 40 чугун,9.0
1,Американка ПП ВР 20х1/2 серый РосТурПласт,9.0
2,Американка ПП ВР 20х3/4 серый РосТурПласт,9.0
148,Американка ПП ВР 25х1 серый РосТурПласт,9.0
298,Американка ПП ВР 25х1/2 серый РосТурПласт,9.0
3,Американка ПП ВР 25х3/4 серый РосТурПласт,9.0
220,Американка ПП ВР 32х1 1/4 серый,9.0
79,Американка ПП ВР 32х1 серая,9.0
138,Американка ПП ВР 32х3/4 серый РосТурПласт,9.0
4,Американка ПП НР 20х1/2 серый РосТурПласт,9.0
5,Американка ПП НР 20х3/4 серый РосТурПласт,9.0
189,"Американка ПП НР 25х1"", белый РосТурПласт",9.0
214,"Американка ПП НР 25х1"", серый РосТурПласт",9.0
526,"Американка ПП НР 25х1/2, белый РосТурПласт",9.0
215,Американка ПП НР 25х3/4 белый РосТурПласт,9.0
6,Американка ПП НР 25х3/4 серый РосТурПласт,9.0
82,Американка ПП НР 32х1 серый,9.0
240,Американка ПП НР 32х3/4 серый РосТурПласт,9.0
227,Американка ПП НР 40х1 1/4 белый РосТурПласт,9.0
711,"Американка прямая 1"" вн. х 3/4"" нар. (2 шт. в уп.)",9.0
7,Американка прямая 1/2 (сгон латунный) Цветлит,9.0
687,"Американка прямая 1/2"" вн-нар AV",9.0
8,Американка прямая 3/4 (сгон латунный) Цветлит,9.0
163,"Американка угловая 1"" вн. х 1"" нар. (2 шт. в уп.)",9.0
601,Американка чугун Ду 15 ВР/ВР Fittex PLUS,9.0
607,Американка чугун Ду 15 ВР/НР Fittex PLUS,9.0
602,Американка чугун Ду 20 ВР/ВР Fittex PLUS,9.0
675,Американка чугун Ду 20 ВР/ВР АV Engineering,9.0
608,Американка чугун Ду 20 ВР/НР Fittex PLUS,9.0
603,Американка чугун Ду 25 ВР/ВР Fittex PLUS,9.0
609,Американка чугун Ду 25 ВР/НР Fittex PLUS,9.0
604,Американка чугун Ду 32 ВР/ВР Fittex PLUS,9.0
567,Американка чугун Ду 32 ВР/НР Fittex PLUS,9.0
605,Американка чугун Ду 40 ВР/ВР Fittex PLUS,9.0
610,Американка чугун Ду 40 ВР/НР Fittex PLUS,9.0
606,Американка чугун Ду 50 ВР/ВР Fittex PLUS,9.0
660,Американка чугун Ду 50 ВР/НР Fittex PLUS,9.0
581,Бак мембранный WRV 35л Wester,7.0
441,Бак мембранный для отопления Wester WRV12,7.0
693,Бак мембранный для отопления Wester WRV24,7.0
586,"Бачок к унитазу-компакт ""ЦОП"" кнопка,нижн.подввод",7.0
729,Вент.решетка РС4-2-600х300,8.0
204,Вентиль запорный (клапан) муфтовый 15кч18п Ру16 Ду 50,9.0
699,Водонагреватель проточный BALLU 3-Logic TS,7.0
553,"Воздухоотводчик авт.STI 1/2"" ник.",7.0
416,"Воздухоотводчик автоматический Itap 1/2"" 3620012",7.0
623,Вставка ремонтная для счетчиков воды,12.0
629,"Герметизирующая нить Efix 555, 160м",8.0
264,"Герметик силиконовый санитарный P PLUS ""Silicone Sanitary"" (бел.) 280м",8.0
656,"Группа безопасности котла 1"", AV Engineering",9.0
576,"Группа безопасности котла 3/4"", AV Engineering (AVE1160234)",9.0
562,Заглушка 20 (750/125) VALFEX,10.0
273,Заглушка ВК 50,10.0
432,"Заглушка ВН 1"" LD",10.0
9,"Заглушка ВН 1"" Цветлит",10.0
433,Заглушка ВН 1/2 с прокладкой AV,10.0
10,Заглушка ВН 1/2 с прокладкой Цветлит,10.0
514,"Заглушка ВН 1/2"" LD",10.0
434,"Заглушка ВН 3/4"" LD",10.0
132,"Заглушка ВН 3/4"" Цветлит",10.0
14,Заглушка монтажная 1/2 белый,10.0
95,Заглушка монтажная 1/2 красная/синяя (2шт),10.0
617,Заглушка НК 110 РТП (Для наружной канализации),10.0
113,"Заглушка НР 1""",10.0
11,"Заглушка НР 1"" Цветлит",10.0
306,Заглушка НР 1/2 General,10.0
12,Заглушка НР 1/2 Цветлит,10.0
684,Заглушка НР 3/4 AV,10.0
13,Заглушка НР 3/4 Цветлит,10.0
674,Заглушка ПП 20 (750/125) VALFEX,10.0
216,Заглушка ПП 20 PN25 серый РосТурПласт,10.0
217,Заглушка ПП25 PN25 серый РосТурПласт,10.0
419,Заглушка ПП32 PN25 серый РосТурПласт,10.0
238,"Заглушка чугунная оцинк. ВР Ду 50(2"") Болгария",10.0
149,Излив смесителя UCG-2231-40 G,12.0
260,"Кабина душевая Sicily Plus 900х900х2150 AV Engineering (Уголок, с низк",7.0
657,Калорифер TFT 1000.500.3,7.0
697,"Клапан запорный для обратной подводки прямой 1/2""",9.0
536,Клапан обратный ПП 50,9.0
698,Клапан регул.ручной прямой 1/2,9.0
252,Клипса для теплого пола 45мм под такер (500шт),12.0
164,Клипса опора для канализации 50,12.0
99,Клипса опора для пп труб 25,12.0
158,"Клипса опора для пп труб 32, РосТурПласт (Опора (держатель) 32 мм.)",12.0
71,Клипса опора для труб ПП 20,12.0
579,"Колба 10"" CFC-10K (резьба 3/4"") с картриджем SC-10W",12.0
360,"Колба фильтр 10"" проз. корп., с картриджем 3/4 Unicorn",12.0
426,Колено ВК 110х45 РосТурПласт,10.0
569,Колено ВК 110х87 РТП,10.0
123,"Колено ВН 1"" Цветлит",9.0
515,"Колено вн-вн 1/2"" LD",9.0
681,"Колено вн-вн 1/2"" с креплением",9.0
389,"Колено вн-нар 1/2"" Цветлит",9.0
446,"Колено вн-нар 3,/4"" Цветлит",9.0
286,Колено для внутренней канализации 50х30,10.0
165,Колено для внутренней канализации 50х45,10.0
166,Колено для внутренней канализации 50х87,10.0
142,Колено для наружной канализации 110х15 РосТурПласт,9.0
257,Колено для ПЭ-труб  20 AV,9.0
364,Колено для ПЭ-труб  25 AV,9.0
180,Колено для ПЭ-труб  25 Unidelta,9.0
194,Колено для ПЭ-труб  32 AV,9.0
124,Колено для ПЭ-труб  32 РосТурПласт,9.0
367,Колено для ПЭ-труб  32х1 1/4 AV,9.0
369,Колено для ПЭ-труб 32 Unidelta,9.0
385,Колено для ПЭ-труб 50 AV Engineering (Для ПЭ (полиэтиленовых) труб),9.0
55,Колено для ПЭ-труб вн. 20х1,9.0
258,Колено для ПЭ-труб вн. 20х1/2,9.0
54,Колено для ПЭ-труб вн. 20х3/4,9.0
56,Колено для ПЭ-труб вн. 25х1,9.0
57,Колено для ПЭ-труб вн. 25х3/4,9.0
368,Колено для ПЭ-труб вн. 32х1,9.0
125,Колено для ПЭ-труб вн.32х3/4,9.0
259,Колено для ПЭ-труб нар. 20х1/2,9.0
58,Колено для ПЭ-труб нар. 20х3/4,9.0
59,Колено для ПЭ-труб нар. 25х1,9.0
612,"Колено для ПЭ-труб нар. 25х1/2""",9.0
60,Колено для ПЭ-труб нар. 25х3/4,9.0
195,Колено для ПЭ-труб нар. 32х1,9.0
351,Колено для ПЭ-труб нар. 32х1 1/4,9.0
126,Колено для ПЭ-труб нар. 32х3/4,9.0
378,"Колено М/П 16(2,0)",9.0
444,"Колено нар-нар 1/2"" Цветлит",9.0
616,Колено НК 110х15 РТП (Угол для наружной канализации),10.0
615,Колено НК 110х45 РТП (Угол для наружной канализации),10.0
463,"Колено переходное ПП 20х1/2""серый VALFEX",9.0
464,"Колено переходное ПП 25х3/4""серый VALFEX",9.0
167,Колено ПП 20х45 серый РосТурПласт,9.0
461,Колено ПП 20х90 серый VALFEX,9.0
15,Колено ПП 20х90 серый РосТурПласт,9.0
16,Колено ПП 25х45 серый РосТурПласт,9.0
462,Колено ПП 25х90 серый VALFEX,9.0
17,Колено ПП 25х90 серый РосТурПласт,9.0
140,Колено ПП 32х45 серый РосТурПласт,9.0
74,Колено ПП 32х90 серый РосТурПласт,9.0
228,Колено ПП 40х90 серый РосТурПласт,9.0
86,Колено ПП ком. с креплен. ВР 20х1/2 серый РосТурПласт,9.0
509,Колено ПП ком. с креплен. НР 20х1/2 серый VALFEX,9.0
18,Колено ПП ком. с креплен. НР 20х1/2 серый РосТурПласт,9.0
77,Колено ПП комб. НР 25х1/2 белый РосТурПласт,9.0
19,Колено ПП комб. НР 25х3/4 серый РосТурПласт,9.0
375,"Колено ПП комб. НР. 20х1/2"", серый РосТурПласт",9.0
20,Колено ПП комб. под смеситель ВР 20х1/2 серый РосТурПласт,9.0
222,Колено ПП комб. под смеситель НР 20х1/2 серый РосТурПласт,9.0
248,"Коллектор с расходомерами.термостатич.клапанами и воздухоотводч.1""х3/4",12.0
542,"Коллекторная группа AVE135, 4 вых. AV Engineering (AVE13500104)",12.0
496,"Кольцо для колодца КСФ 10.9-10-А С16/20, W6, F100",9.0
328,Кольцо железобетонное КС-10-9 (1000х900х80),9.0
329,Кольцо железобетонное КЦД-10-9 (1000х900х80) с дном,9.0
187,"Комплект кранов для радиаторов 1/2"" прямой (с термоголовкой) AV Engine",12.0
696,Комплект монтажный Ду15 для радиаторов,8.0
572,"Контргайка чугун Ду50 (2"")ВР Fittex PLUS",9.0
720,Корпус люка лёгкого Д. колодцев.,9.0
551,Кран PP-R шаровый сер Дн 25 (40/10) VALFEX,9.0
550,Кран PP-R шаровый сер Дн 32 (24/6) VALFEX,9.0
225,Кран вентильный 1/2х1/2 установочный хром с чашкой,9.0
96,Кран вентильный 1/2х3/4 для стир. машины трехпроходной хром,9.0
349,Кран Маевсвкого 1/2 (воздуховодчик ручной) Цветлит,9.0
639,"Кран Маевсвкого 3/4""",9.0
465,"Кран мини F242.04 (старый арт.FR242 -1/2"" FM)",9.0
175,Кран настенный водоразборный со штуцером 1/2(поливочный),9.0
114,Кран настенный водоразборный со штуцером 3/4 никелир.,9.0
646,"Кран пробковый трехходовой
натяжной муфтовый универсальный
11Б18бк К",9.0
127,Кран установочный 1/2х1/2 нерж. сталь красн.,9.0
72,Кран установочный 1/2х3/4 для стир. машины син.,9.0
408,Кран шаровой с гайкой 3/4х3/4 PN40 AV,9.0
134,Кран шаровый 1 1/2 вн-вн ручка (40),9.0
223,Кран шаровый 1 1/2 нар-вн ручка (40),9.0
595,"Кран шаровый 1 1/2""(40) ВН/ВН рычаг",9.0
136,"Кран шаровый 1 1/4"" нар.-вн. ручка PN1,6 МПа; 11Б27п5 (32)",9.0
169,Кран шаровый 1 нар-вн бабочка (со сгоном),9.0
386,"Кран шаровый 1"" вн-вн. ручка, Цветлит",9.0
395,"Кран шаровый 1"" нар-вн Россия",9.0
181,"Кран шаровый 1"" нар-вн ручка PN1,6 мПа",9.0
436,"Кран шаровый 1"" нар-вн. ручка, Цветлит",9.0
372,"Кран шаровый 1"" нар.-вн. бабочка, Цветлит (Кран с американкой 1"".)",9.0
128,Кран шаровый 1/2 нар-нар бабочка PN30 AV,9.0
683,"Кран шаровый 1/2 под манометр 1,6 МПа",9.0
640,Кран шаровый 1/2 стандарт вн-вн бабочка PN 1.6 Цветлит,9.0
145,Кран шаровый 1/2 стандарт вн-вн ручка PN 1.6 Цветлит,9.0
21,Кран шаровый 1/2 стандарт нар-вн. бабочка Цветлит,9.0
489,Кран шаровый 1/2 стандарт нар-вн. ручка Цветлит,9.0
688,"Кран шаровый 1/2"" 3/4  PN1,6 МПа 11Б27п7 Цветлит",9.0
589,"Кран шаровый 1/2"" вн.-вн. бабочка PN40, LD (LD.47.300.15)",9.0
409,"Кран шаровый 1/2"" вн.-вн. ручка PN 40 LD (LD.47.301.15)",9.0
410,"Кран шаровый 1/2"" нар.-вн. бабочка (со сгоном) PN 40 LD",9.0
411,"Кран шаровый 1/2"" нар.-вн. бабочка PN 40 LD (LD.47.302.15)",9.0
417,"Кран шаровый 1/2"" нар.-вн. ручка PN 40 LD (LD.47.302.15)",9.0
97,Кран шаровый 1/2х3/4 для стир. машины AV,9.0
98,Кран шаровый 1/2х3/4 для стир. машины хром,9.0
397,"Кран шаровый 2"" вн.-вн. ручка PN1,6 МПа; 11Б27п5, Цветлит (ЦРБ0116)",9.0
663,"Кран шаровый 2"" нар.-вн. ручка PN25, AV Engineering",9.0
325,"Кран шаровый 2""(50) ВР/ВР рычаг",9.0
406,Кран шаровый 3/4 вн-вн. ручка PN40 AV,9.0
407,Кран шаровый 3/4 нар-вн. ручка PN40 AV,9.0
387,Кран шаровый 3/4 стандарт вн-вн. ручка Цветлит,9.0
394,Кран шаровый 3/4 стандарт вн-вн.бабочка Цветлит,9.0
22,Кран шаровый 3/4 стандарт нар-вн.ручка Цветлит,9.0
412,"Кран шаровый 3/4"" нар.-вн. бабочка (со сгоном) PN 40 LD (LD.47.306.20)",9.0
373,"Кран шаровый 3/4"" нар.-вн. бабочка, Цветлит (Кран с американкой 3/4"".)",9.0
176,Кран шаровый mini 1/2 нар-вн красная ручка,9.0
177,Кран шаровый mini 1/2 нар-вн синяя ручка,9.0
590,Кран шаровый STI рычаг г/г (65),9.0
303,Кран шаровый Temper 28620100 DN100 PN16,9.0
333,Кран шаровый для ПЭ труб 40 РосТурПласт,9.0
661,"Кран шаровый латунь  2"" вн.-вн. рычаг полнопроходной",9.0
561,Кран шаровый латунь 11Б27фт1М ВН/НР бабочка Ду 15 Ру40,9.0
23,Кран шаровый ПП 20 стандарт серый РосТурПласт,9.0
24,Кран шаровый ПП 25 стандарт серый РосТурПласт,9.0
80,Кран шаровый ПП 32 стандарт серый,9.0
714,Крепление для п/с,11.0
271,Крепление для умывальника - 004 Р,11.0
485,Крепление для умывальника-005Р,11.0
481,Крепление для унитаза,11.0
694,"Кронштейн для расширительного бака 1"", AV Engineering",11.0
370,"Кронштейн для расширительного бака 3/4"", AV Engineering",11.0
101,Кронштейн штыревой плоский с дюбелем для радиаторов 7х180мм,11.0
102,Кронштейн штыревой плоский с дюбелемдля радиаторов 7х215мм,11.0
719,Крышка люка лёгкого Д. колодцев,9.0
668,Кухонная мойка Frap F64557 57х45 cm,7.0
241,"Лен сантехнический AV Engineering,100g",8.0
428,"Лен сантехнический Unigarn,коса 200g",8.0
431,Люк канализационный Тип С (76кг),9.0
524,Люк канализационный Тип Т (105кг),9.0
740,Люк полимерный легкий А30 (30 кН) серый,9.0
331,Люк полимерный ЛП 3 тонны,9.0
430,Люк садовый А15 (15 кН) зеленый,9.0
289,Манжета переходная D50х25 трехлепестковая черная,10.0
420,Манжета переходная D50х32 белая,10.0
566,Манжета переходная D50х40 серая,10.0
588,"Манометр электроконтактный ДМ2005Ф 0-1 МПа кт. 1,5 ф=160мм с радиальны",7.0
558,"Муфта PP-R переходная сер ВР Дн 25х1/2""(100/25) VALFEX",9.0
548,Муфта PP-R переходная сер НР 32х1 (60/15) VALFEX,9.0
557,"Муфта PP-R переходная сер НР Дн 25х1/2""(100/25) VALFEX",9.0
547,Муфта PP-R разъемная сер ВР 32х1 (80/20) VALFEX,9.0
621,"Муфта PP-R разъемная сер ВР 32х1 1/4"" (60/15) VALFEX",9.0
555,Муфта PP-R сер Дн 25 (300/75) VALFEX,9.0
278,"Муфта быстросъемная 1/2""(5/8) Startul garden",9.0
279,"Муфта быстросъемная 1/2""(5/8) с автостоп Startul garden",9.0
73,Муфта быстросъемная 3/4 Startul garden,9.0
280,Муфта быстросъемная 3/4 с автостоп Startul garden,9.0
454,"Муфта вн-вн 1"" LD",9.0
402,Муфта вн-вн 1/2 General Fittings,9.0
87,Муфта вн-вн 1/2 Цветлит,9.0
422,"Муфта вн-вн 1/2"" LD",9.0
516,"Муфта вн-вн 1/2"" ХРОМ AV Engineening",9.0
490,Муфта вн-вн 3/4 LD,9.0
651,Муфта вн-вн 3/4 VALFEX,9.0
673,Муфта вн-вн 3/4 лат.никелир.VF,9.0
88,Муфта вн-вн 3/4 Цветлит,9.0
374,"Муфта вн.-вн. 1"", Цветлит",9.0
710,Муфта вставная (восстановитель раструба) HTSM 110/110,9.0
712,Муфта двухраструбная 110 ремонтная вн.кан (60) VALFEX,10.0
391,Муфта для внутренней канализации ф100 РосТурПласт,10.0
361,Муфта для внутренней канализации ф50 РосТурПласт,10.0
308,Муфта для ПЭ-труб 20,9.0
61,Муфта для ПЭ-труб 25,9.0
62,Муфта для ПЭ-труб 32,9.0
520,Муфта для ПЭ-труб 40,9.0
309,Муфта для Пэ-труб вн. 20х1/2,9.0
63,Муфта для ПЭ-труб вн. 20х3/4,9.0
64,Муфта для ПЭ-труб вн. 25х1,9.0
65,Муфта для ПЭ-труб вн. 25х3/4,9.0
196,Муфта для ПЭ-труб вн. 32х1,9.0
352,Муфта для ПЭ-труб вн. 32х1 1/4,9.0
89,Муфта для ПЭ-труб вн. 32х3/4,9.0
205,Муфта для ПЭ-труб Ду 50х2 Unidelta,9.0
206,Муфта для ПЭ-труб Ду 63х2 Unidelta,9.0
310,Муфта для ПЭ-труб ред. 25х20,9.0
311,Муфта для ПЭ-труб ред. 32х20,9.0
312,Муфта для ПЭ-труб ред. 32х25,9.0
301,Муфта компрессионная 63х2,9.0
398,"Муфта М/П ник. с ВР 16х1/2""",9.0
121,Муфта М/П ник. с НР 16х1/2,9.0
379,"Муфта М/П ник.16(2,0)",9.0
302,Муфта переходная 63х32,9.0
637,"Муфта ПНД компр.соединительная с ВР 32х1""(90/15) VALFEX",9.0
641,"Муфта ПНД компр.соединительная с ВР 32х3/4""(90/15) VALFEX",9.0
638,"Муфта ПНД компр.соединительная с НР 25х3/4""(160/40) VALFEX",9.0
636,"Муфта ПНД компр.соединительная с НР 32х3/4""(100/20) VALFEX",9.0
538,"Муфта ПНД компр.соединительная с НР 63х2""(16/4) VALFEX",9.0
535,Муфта ПНД компрессионная переходная 63-50 (12/3) VALFEX,9.0
563,Муфта ПНД компрессионная соед.32 (60/12) VALFEX,9.0
527,Муфта ПНД компрессионная соед.40 (30/6) VALFEX,9.0
528,Муфта ПНД компрессионная соед.50 (16/4) VALFEX,9.0
529,Муфта ПНД компрессионная соед.63 (12/2) VALFEX,9.0
313,"Муфта ПП  вн/вн 1"" AV",9.0
25,Муфта ПП 20 серый РосТурПласт,9.0
26,Муфта ПП 25 серый РосТурПласт,9.0
76,Муфта ПП 32 РосТурПласт,9.0
137,"Муфта ПП комбинированная внутр.резьба 32х1"", серый РосТурПласт (10937)",9.0
27,Муфта ПП комбинированная ВР 20х1/2 серый РосТурПласт,9.0
28,Муфта ПП комбинированная ВР 20х3/4 серый РосТурПласт,9.0
29,Муфта ПП комбинированная ВР 25х1/2 серый РосТурПласт,9.0
30,Муфта ПП комбинированная ВР 25х3/4 серый РосТурПласт,9.0
141,Муфта ПП комбинированная ВР 32х1 серый РосТурПласт,9.0
415,Муфта ПП комбинированная ВР 32х3/4 серый РосТурПласт,9.0
245,Муфта ПП переходная вн/вн 32х20 серый РосТурПласт,9.0
246,Муфта ПП переходная вн/вн 32х25 серый РосТурПласт,9.0
272,Муфта ПП переходная ВР/ВН 25х20 серый,9.0
221,Муфта ПП переходная ВР/ВН 25х32 серый,9.0
670,"Муфта ПП с накидной гайкой 20 х 1/2""",9.0
671,"Муфта ПП с накидной гайкой 20 х 3/4""",9.0
680,"Муфта ПП с накидной гайкой 25х3/4"" сер. РТП",9.0
500,Муфта ПЭ 40 AV Engineering (Для ПЭ (полиэтиленовых) труб),9.0
384,Муфта ПЭ 50 AV Engineering (Для ПЭ (полиэтиленовых) труб),9.0
716,"Муфта ПЭ 63 х 1 1/2"" вн., AV Engineering",9.0
455,"Муфта ред. вн-вн 1""х3/4 LD",9.0
611,"Муфта ред. вн-вн 1""х3/4 РТП",9.0
314,"Муфта ред. вн-вн 1""х3/4 Цветлит",9.0
523,Муфта ред. вн-вн 3/4х1/2 LD,9.0
115,Муфта ред. вн-вн 3/4х1/2 Цветлит,9.0
315,"Муфта ред. вн-вн.1""х3/4 AV",9.0
316,Муфта ред. вн-вн.3/4х1/2 AV,9.0
445,"Муфта соед. для шлангов 3/4"" FISKARS (1027066)",9.0
686,"Муфта соед. для шлангов 3/4"" STARTUL GARDEN (ST6016-5-3/4",9.0
326,"Муфта соед.с нар.рез.для ПЭ Ду 50х2""",9.0
685,"Муфта соеденительная  1/2""(5/8"") STARTUL GARDEN (ST6016-6-1/2)",9.0
571,"Муфта чугун Ду50 (2"")ВР Fittex PLUS",10.0
304,Муфта-фланец компрессионная для ПЭ 110х4 Китай,10.0
421,"Набор для крепления сантехнических труб (КТР)4"" (108-116мм)",11.0
491,Набор для крепления унитаза 6х70мм,11.0
103,"Насадка 20мм для сварочного аппарата для полимерных труб, серый тефлон",8.0
104,"Насадка 25мм для сварочного аппарата для полимерных труб, серый тефлон",8.0
105,"Насадка 32мм для сварочного аппарата для полимерных труб, серый тефлон",8.0
256,Насос RS 25-60-130,7.0
739,Насос погружной WQ-1800-FURIA с изм.,7.0
212,Насос погружной с измельчителем WQ 1100 FURIA ECONOMIC OMNIGENA,7.0
662,"Насос циркуляционный Titan-Rro WRS32-370, A&P",7.0
399,Насос циркуляционный Titan-RS25-40-130 Китай,7.0
413,"Насос циркуляционный Titan-RS25-40-180, A&P (AP118T005)",7.0
543,"Насос циркуляционный Titan-RS25-60-180, A&P",7.0
139,Насос циркуляционный UNIPUMP UPC 25-40 180,7.0
362,Насосно-смесительная группа AVE250-01 AV Engineering (AVE250-01),9.0
255,Насосно-смесительный узел 1037 без насоса,9.0
190,"Ниппель для ПЭ-труб нар. 20x1/2"" AV Engineering",12.0
67,Ниппель для ПЭ-труб нар. 20х1 Unidelta,12.0
66,Ниппель для ПЭ-труб нар. 20х3/4,12.0
68,Ниппель для ПЭ-труб нар. 25х1,12.0
443,Ниппель для ПЭ-труб нар. 25х1/2,12.0
69,Ниппель для ПЭ-труб нар. 25х3/4,12.0
182,Ниппель для ПЭ-труб нар. 25х3/4 Unidelta,12.0
197,Ниппель для ПЭ-труб нар. 32х1,12.0
350,"Ниппель для ПЭ-труб нар. 32х1-1/4""",12.0
200,Ниппель для ПЭ-труб нар. 32х3/4,12.0
135,Ниппель для ПЭ-труб нар. 32х3/4 unidelta,12.0
501,"Ниппель для ПЭ-труб нар. 40х1"" AV Engineering",12.0
332,"Ниппель для ПЭ-труб нар. 50x1 1/4"" AV",12.0
119,Ниппель нар-нар 1 Цветлит,12.0
456,"Ниппель нар-нар 1"" LD",12.0
403,Ниппель нар-нар 1/2 AV Engineering,12.0
31,Ниппель нар-нар 1/2 Цветлит,12.0
437,"Ниппель нар-нар 1/2"",LD",12.0
517,"Ниппель нар-нар 1/2""никел.РТП",12.0
414,Ниппель нар-нар 3/4 AV Engineering,12.0
32,Ниппель нар-нар 3/4 Цветлит,12.0
457,"Ниппель нар-нар 3/4""LD",12.0
721,"Ниппель переходной ДУ-25/20 арт.ZW50060,",12.0
33,Ниппель ПП комбинированная НР 20х1/2 серый РосТурПласт,12.0
34,Ниппель ПП комбинированная НР 20х3/4 серый РосТурПласт,12.0
35,Ниппель ПП комбинированная НР 25х1/2 серый РосТурПласт,12.0
36,Ниппель ПП комбинированная НР 25х3/4 серый РосТурПласт,12.0
78,Ниппель ПП комбинированная НР 32х1 серая Ламин,12.0
718,Ниппель ред. 1 1/2 нар. х 1 1/4,12.0
717,"Ниппель ред. 1 1/2"" нар. х 1"" нар., AV Engineering",12.0
655,"Ниппель ред. 1 1/4"" нар. х 3/4"" нар. никел., РТП",12.0
715,"Ниппель ред. 1 1/4"" х 1"" нар.-нар. чугун черн., AV Engineering",12.0
405,Ниппель ред. нар-нар 3/4х1/2 AV Engineering,12.0
647,Ниппель ред. нар-нар 3/4х1/2 LD,12.0
90,Ниппель ред. нар-нар 3/4х1/2 Цветлит,12.0
654,"Ниппель ред. нар-нар. 1 1/4"" х 1""",12.0
620,"Ниппель ред. нар-нар. 1""х1/2"" LD",12.0
404,Ниппель ред. нар-нар. 1х3/4 AV,12.0
116,Ниппель ред. нар-нар. 1х3/4 Цветлит,12.0
129,"Ниппель ред. нар-нар. 1х3/4""LD",12.0
317,Ниппель ред.ПП нар-нар. 1х1/2 AV,12.0
318,Ниппель ред.ПП нар-нар. 1х3/4 AV,12.0
37,Обвод ПП с муфтой короткий ф20 серый РосТурПласт,9.0
38,Обвод ПП с муфтой короткий ф25 серый РосТурПласт,9.0
545,Обвод ПП с муфтой короткий ф32 серый РосТурПласт,9.0
191,Обратный клапан для вентилятора 100 КО ТДМ,10.0
203,Обратный клапан для внутренней канализации 50 РосТурПласт,10.0
429,Обратный клапан НК 110 РТП (Для наружной канализации),10.0
645,"Отборное устройство 1,6-70-ст20-МП
ЗK14-2-1-02 (УО12-07 L180) (L=180",7.0
708,"Отвод 110 х 50 х 87,5 вверх",10.0
471,Отвод 110х45* (с кольцом),10.0
448,Отвод 110х45*рыжий VALFEX,10.0
449,Отвод 110х87.5*рыжий VALFEX,10.0
472,Отвод 50х45* (с кольцом),9.0
507,Отвод 50х45* Ostendorf,9.0
473,Отвод 50х45* вн.кан.VALFEX,9.0
508,Отвод 50х87* Ostendorf,9.0
207,Отвод для п/э Ду 50 Unidelta,9.0
650,Отвод ПНД компрессионный 25-25 (80/30) VALFEX,9.0
648,"Отвод ПНД компрессионный с ВР 25х1/2""(120/30) VALFEX",9.0
634,"Отвод ПНД компрессионный с ВР 25х3/4""(125/25) VALFEX",9.0
632,"Отвод ПНД компрессионный с НР 20х1/2""(180/45) VALFEX",9.0
649,"Отвод ПНД компрессионный с НР 25х1/2""(120/30) VALFEX",9.0
633,"Отвод ПНД компрессионный с НР 25х3/4""(120/30) VALFEX",9.0
635,"Отвод ПНД компрессионный с НР 32х3/4""(75/15) VALFEX",9.0
539,"Отвод ПНД компрессионный с НР 63х2""(12/3) VALFEX",9.0
354,Отвод ПП для внутр.канализации НТВ 50х45*,10.0
355,Отвод ПП для внутр.канализации НТВ 50х87*,10.0
706,Отвод ПП НТВ 90х30° Ostendorf,10.0
705,Отвод ПП НТВ 90х45° Ostendorf,10.0
704,Отвод ПП НТВ 90х87° Ostendorf,10.0
229,"Отвод сварной ПЭ100 SDR17 160/90""",9.0
151,Отвод стальной крутоизогн. 90* бесшовн Дн 57х3 (Ду 50),9.0
582,"Отвод стальной крутоизогн. 90* шовн Ду 15 (Дн 21,3х2,2)",9.0
231,"Отвод стальной крутоизогн. 90* шовн Ду 20 (Дн 26,8х2,5)",9.0
583,"Отвод стальной крутоизогн. 90* шовн Ду 25 (Дн 33,5х2,6)",9.0
568,"Отвод стальной крутоизогн. 90* шовн Ду 32 (Дн 42,3,х2,6)",9.0
630,"Отвод стальной крутоизогн. 90* шовн Ду 50 (Дн 57х2,8)",9.0
348,"Отвод стальной крутоизогн.90* шовн.Ду 40 (Дн 48,0х2,8), Россия",9.0
672,"Паста для уплотнения резьбовых соединений ""Pastum H20""250гр",8.0
587,"Паста для уплотнения резьбовых соединений ""UNIPAK""",8.0
353,Паста уплатнительная Aquaflax 80гр,8.0
230,Паста уплотнительная универсальная сантехпаста 250гр,8.0
319,Паста уплотнительная универсальная сантехпаста 65гр,8.0
709,Патрубок компенсационный ПП Ду 110мм (35),10.0
624,"Переход 1 1/2"" вн. х 1 1/4"" нар. никел., РТП",9.0
574,"Переход 1 1/4"" вн. х 1"" нар. никел., РТП (РосТурПласт) (25119)",9.0
518,Переход ВК 110х50,10.0
492,"Переход вн-нар 1""х3/4"" РТП",9.0
493,Переход вн-нар 3/4х1/2 РТП,9.0
91,Переход вн-нар 3/4х1/2 Цветлит,9.0
363,"Переход вн.-нар. 1/2""X3/8"" Италия",9.0
288,Переход для внутренней канализации 100/50 РосТурПласт,10.0
249,"Переход евроконус 16х3/4""",9.0
474,Переход кан.110х50 (с кольцом),10.0
578,Переход латунный МР Ду 40х32 (1 1/2х1 1/4) GENERAL FITTINGS,9.0
565,"Переход шестиуг. (футорка) нар.-вн. 1""x1/2"", LD",9.0
442,"Переход шестиуг. (футорка) нар.-вн. 1""x3/4"", LD",9.0
118,Переход шестиугольный 3/4х1/2 оцинков. ТИТАН,9.0
106,Переход шестиугольный нар-вн. 1/2х3/8 Цветлит,9.0
321,Переход шестиугольный нар-вн. 3/4х1/2 AV,9.0
107,Переход шестиугольный нар-вн. 3/4х1/2 Цветлит,9.0
320,Переход шестиугольный нар-вр. 1х1/2 Цветлит,9.0
117,Переход шестиугольный нар-вр. 1х3/4 Цветлит,9.0
619,"Переходник-соединитель 1/2"" STARTUL GARDEN (ST6011-10) (ST6011-10)",9.0
70,Пистолет-распылитель 8-позиц.,8.0
251,Пленка гидроизоляционная с разметкой (50м2) фольга,9.0
498,"Плита низа (днище) ПДН 10 С16/20, W6, F100",9.0
497,"Плита перекрытия (крышка) ПП 10-2 (УСИЛЕННАЯ) С16/20, W6, F100",9.0
330,Плита перекрытия колодца ПП-10-2 (крышка),9.0
438,Подводка гибкая для воды гайка 1/2 - гайка 1/2 100см,12.0
281,Подводка гибкая для воды гайка 1/2 - гайка 1/2 120см,12.0
692,Подводка гибкая для воды гайка 1/2 - гайка 1/2 150см,12.0
269,Подводка гибкая для воды гайка 1/2 - гайка 1/2 60см,12.0
268,Подводка гибкая для воды гайка 1/2 - гайка 1/2 80см,12.0
392,Подводка гибкая для воды гайка 1/2 - штуцер 1/2 100см,12.0
435,Подводка гибкая для воды гайка 1/2 - штуцер 1/2 120см,12.0
267,Подводка гибкая для воды гайка 1/2 - штуцер 1/2 150см,12.0
274,Подводка гибкая для воды гайка 1/2 - штуцер 1/2 200см,12.0
178,Подводка гибкая для воды гайка 1/2-штуцер  1/2 40см,12.0
179,Подводка гибкая для воды гайка 1/2-штуцер  1/2 50см,12.0
92,Подводка гибкая для воды гайка 1/2-штуцер  1/2 60см,12.0
359,Подводка гибкая для воды гайка 1/2-штуцер  1/2 60см Fit-Nox,12.0
93,Подводка гибкая для воды гайка 1/2-штуцер  1/2 80см,12.0
133,Подводка гибкая для воды иголка м10 короткая-гайка 1/2 40см AV Enginee,12.0
242,Подводка гибкая для воды иголка м10-гайка 1/2 100см (пара) AV Engineer,12.0
243,Подводка гибкая для воды иголка м10-гайка 1/2 50см (пара) AV Engineeri,12.0
393,Подводка гибкая для воды иголка м10-гайка 1/2 60см (пара) AV Engineeri,12.0
358,Подводка гибкая для воды иголка м10-гайка 1/2 60см (пара) VALFEX,12.0
244,Подводка гибкая для воды иголка м10-гайка 1/2 80см (пара) AV Engineeri,12.0
488,"Подводка для воды ""Elka"" гайка 1/2 - гайка 1/2 600см",12.0
483,"Подводка для воды ""Elka"" гайка 1/2 - гайка 1/2 800см",12.0
505,"Подводка для воды ""Elka"" гайка 500см пара",12.0
669,Полотенцесушитель Gloss&Reiter Electric Э2.45,7.0
713,"Полотенцесушитель М-обр 500х600 1"" Эко б/к Элит-Металл",7.0
678,"Предохранительный клапан 1/2"" вн.-вн. 6 Бар, AV Engineering",9.0
591,"Предохранительный клапан 1/2"" нар.-вн. для бойлеров с ручкой спуска, A",9.0
659,Пробка для чуг.радиатора правая Ду20,9.0
305,Прокладка (паронит) 100 страна ввоза- РФ,12.0
108,Прокладка для подводки воды 1/2 резиновая,12.0
183,Прокладка для подводки воды 1/2 силиконовая,12.0
109,Прокладка для подводки стиральных машин 3/4,12.0
184,Прокладка для подводки стиральных машин 3/4 силиконовая,12.0
299,"Прокладка паронитавая 1""",12.0
233,Прокладка паронитавая 1/2,12.0
234,Прокладка паронитавая 3/4,12.0
39,Прокладка паронитная радиаторная (в упаковке 4 штуки),12.0
525,Прокладка паронитовая 1 1/4 42х33 радиаторная,12.0
110,"Прокладка резиновая 1""",12.0
440,Проточный электрический водонагреватель-кран Unipump BEF-001,7.0
695,Радиатор Оазис биметаллический 500-80 (6 секций),7.0
254,Радиатор стальной 500/22х0500,7.0
253,Радиатор стальной 500/22х1000,7.0
439,Радиатор стальной Terra Teknik Ventil Compact 22 тип 500x600 (нижнее п,7.0
725,"Радиатор стальной панельный Лидея ""Универсал"" ЛУ 22-510",7.0
726,"Радиатор стальной панельный Лидея ""Универсал"" ЛУ 22-514",7.0
265,"Развоздушник автоматический 1/2"" с установочным клапаном AV Engineerin",9.0
702,Редукция ПП HTR 110/90 Ostendorf,10.0
152,Резьба стальная Ду 15 L=50мм,12.0
174,Резьба стальная Ду 20 L=50мм,12.0
577,Резьба стальная Ду 25 L=38мм,12.0
159,Резьба стальная Ду 25 L=50мм,12.0
237,Резьба стальная Ду 32 L=60мм,12.0
153,Резьба стальная Ду 40 L=60мм,12.0
573,Резьба стальная Ду 50 L=45мм,12.0
396,Резьба стальная Ду 50 L=70мм,12.0
453,Резьба стальная оцинков. Ду 25 L=39мм,12.0
728,Ручной балансировочный клапан Ду-15 Danfos MSV-BD,9.0
160,Сгон стальной в сборе Ду 15,9.0
161,Сгон стальной в сборе Ду 20 L=110мм,9.0
162,Сгон стальной в сборе Ду 25 L=130мм,9.0
154,Сгон стальной в сборе Ду 32 L=130мм,9.0
155,Сгон стальной в сборе Ду 40 L=150мм,9.0
366,Сгон стальной в сборе Ду 50 L=150мм,9.0
570,Сгон стальной черн. Ду 50 L=140мм,9.0
736,"Седелка 110 х 1 1/4"" ERA",9.0
737,"Седелка 110 х 1"" ERA",9.0
724,"Седелка 75 х 1 1/4""",9.0
627,"Седелка НПВХ для ПНД труб болтовая 110 х 1 1/2"" ERA",9.0
626,"Седелка НПВХ для ПНД труб болтовая 110 х 1"" ERA",9.0
631,"Седелка ПНД  болтовая 32х 1"" VALFEX",9.0
738,"Седелка ПНД  болтовая 50х 1"" VALFEX",9.0
732,"Седелка ф75х5/4"" ПЭ BN 10",9.0
322,"Седло зажимное с вн.р.для ПЭ 110/2""",9.0
401,Сиденье для унитаза AV Engineering,7.0
503,"Сифон ""МИНИ Элит"" с лит.вып.нерж.чаш.д70 и гиб.труб.(1 1/2""Х40/50)",12.0
192,"Сифон для стиральной машины наружный,обратный клапан",12.0
664,Сифон для умывальника,12.0
486,"Сифон для умывальника 1 1/4""Х40 с мет.реш",12.0
266,"Сифон для умывальника с литым выпуском 64мм, с гибкой трубой 1 1/4""",12.0
522,"Смазка сантехническая ""Gerb Ostendorf Kunststoffe"" 250г",8.0
144,"Смазка силиконовая канализационная ""РосТурПласт"" 250мл",8.0
504,Смеситель F10702-В хром д/раковины 40,12.0
665,Смеситель для  умывальника,12.0
666,"Смеситель для ванны D40-A, серия 360 ECONOCE",12.0
261,"Смеситель для кухни (Lt), D40, 4G4-B181 G.lauf",12.0
667,"Смеситель для кухни вентильный (тип I), серия 340, ECONOCE",12.0
487,Смеситель моно F4108,12.0
282,Соединение быстросъем МАМА х  внутренней резьбой 1/2 (сталь) ЭКО,12.0
283,Соединение быстросъем МАМА х наружн. резьба 1/2 (латунь) ЭКО,12.0
652,Соединение быстросъем. МАМА х елочка 10 мм (латунь),12.0
380,Соединение быстросъем. МАМА х елочка 10 мм (сталь),12.0
653,Соединение быстросъем. ПАПА х елочка 10 мм (латунь),12.0
381,Соединение быстросъем. ПАПА х елочка 10 мм (сталь),12.0
642,Соединение быстросъем. ПАПА х елочка 8 мм (латунь),12.0
235,Соединение вн. резьба 1/2 х елочка 14мм general fittings,12.0
382,Соединение елочка 10 мм двухсторонняя (латунь),12.0
383,Соединение елочка 12 мм двухсторонняя (латунь),12.0
400,Соединение нар. резьба 1/2 х елочка 10мм,12.0
689,Соединение нар. резьба 1/2 х елочка 10мм Цветлит,12.0
236,Соединение нар. резьба 1/2 х елочка 14мм,12.0
284,Соединение нар. резьба 1/2 х елочка 16мм Цветлит,12.0
679,"Соединение нар. резьба 1/4"" х елочка 8 мм (латунь) ECO",12.0
585,"Соединитель разборный чугун.оцинк.ММ Ду25(1"")",12.0
53,Счетчик горячей воды ETK-м-D Ду15 БелЦЕННЕР,9.0
156,Счетчик горячей воды ETW-м-D Ду 15 QN 1.6(под радиомодуль) Белценнер,9.0
452,Счетчик горячей воды ETW-м-D Ду15 БелЦЕННЕР,9.0
146,"Счетчик горячей воды СГВ-15 РФ""ВIP-М""",9.0
270,"Счетчик для горячей воды СГВ-20 РФ ""ВIР-М""",9.0
323,Счетчик хол.воды МТК Ду 50 с модуляторным диском (под радиомодуль),9.0
733,"Счетчик холодной воды ""Струмень"" СВ-20 М",9.0
451,Счетчик холодной воды ETK-м-D Ду15 БелЦЕННЕР,9.0
450,Счетчик холодной воды ETK-м-D Ду20 БелЦЕННЕР,9.0
594,Счетчик холодной воды МТК-25N Ду25(ОКП РБ 26.51.63.500) (БелЦЕННЕР),9.0
239,Счетчик холодной воды СХВ-15 РФ,9.0
122,"Счетчик холодной воды СХВ-20 РФ ""ВIP-M""",9.0
469,Тройник 110/110х45 (с кольцом),10.0
513,Тройник 110/110х45* Ostendorf,10.0
511,Тройник 110/50х45* Ostendorf,10.0
512,Тройник 110/50х87* Ostendorf,10.0
468,Тройник 110/50х90 (с кольцом),10.0
700,"Тройник 16(2.0) х 1/2"" нар. х 16(2.0) для труб PEX, AV Engineering (ин",9.0
470,Тройник 50/50х45 (с кольцом),10.0
552,"Тройник PP-Rпереходная сер ВР Дн 32х1/2""х32 (30/10) VALFEX",9.0
519,Тройник ВК;50/50х45 РТП,10.0
291,Тройник вн 1/2 Цветлит,9.0
130,Тройник вн-вн-нар 1/2 Цветлит,9.0
292,Тройник вн-нар-вн1/2 Цветлит,9.0
293,Тройник вн-нар-нар 1/2 Цветлит,9.0
371,"Тройник вн. 1"", Цветлит",9.0
356,Тройник для внутр.канализации HTEA 50/50х45*,10.0
357,Тройник для внутр.канализации HTEA 50/50х87*,10.0
388,Тройник для внутренней канализации 110/50х87 РосТурПласт,10.0
170,Тройник для внутренней канализации 50/50х45 РосТурПласт,10.0
334,Тройник для ПЭ труб 20,9.0
111,Тройник для ПЭ труб 25,9.0
300,Тройник для ПЭ-труб 32,9.0
335,Тройник для ПЭ-труб 40,9.0
336,"Тройник для ПЭ-труб вн.20х1/2""",9.0
337,"Тройник для ПЭ-труб вн.20х3/4""",9.0
338,"Тройник для ПЭ-труб вн.25х1""",9.0
94,Тройник для ПЭ-труб вн.25х3/4,9.0
339,"Тройник для ПЭ-труб вн.32х1""",9.0
340,"Тройник для ПЭ-труб вн.32х3/4""",9.0
341,"Тройник для ПЭ-труб нар. 20х1/2""",9.0
342,"Тройник для ПЭ-труб нар. 25х1""",9.0
199,Тройник для ПЭ-труб нар. 25х1/2,9.0
343,"Тройник для ПЭ-труб нар. 25х3/4""",9.0
344,"Тройник для ПЭ-труб нар. 32х1""",9.0
345,"Тройник для ПЭ-труб нар. 32х3/4""",9.0
346,Тройник для ПЭ-труб ред.25х20х25,9.0
347,Тройник для ПЭ-труб ред.32х25х32,9.0
120,Тройник М/П никел. 16х16х16,9.0
294,Тройник нар-вн-нар 1/2 Цветлит,9.0
295,Тройник нар-нар-нар 1/2 Цветлит,9.0
425,Тройник НК 110/110х45 РТП (Для наружной канализации),10.0
427,Тройник НК 110/110х90 РТП (Для наружной канализации),10.0
460,Тройник ПП 20 серый VALFEX,9.0
40,Тройник ПП 20 серый РосТурПласт,9.0
41,Тройник ПП 25 серый РосТурПласт,9.0
150,Тройник ПП 32 PN25 серый РосТурПласт,9.0
42,Тройник ПП комбинированная с ВР 25х1/2 серый РосТурПласт,9.0
43,Тройник ПП комбинированная с ВР 25х3/4 серый РосТурПласт,9.0
544,Тройник ПП комбинированная с ВР 32х1/2 серый РосТурПласт,9.0
285,Тройник ПП комбинированный с НР 20х1/2 серый РосТурПласт,9.0
44,Тройник ПП комбинированный с НР 25х1/2 серый РосТурПласт,9.0
45,Тройник ПП комбинированный с НР 25х3/4 серый РосТурПласт,9.0
707,Тройник ПП НТЕА 90/90/45° Ostendorf,9.0
84,Тройник ПП переходной 25х20х25 белый,9.0
83,"Тройник ПП переходной 32х20х32
FIRAT",9.0
459,Тройник ПП редукционный 25х20х25,9.0
188,Тройник ПП редукционный 32х25х32 белый РосТурПласт,9.0
297,Тройник ПП редукционный 50х32х50 белый РосТурПласт,9.0
208,"Тройник раструб НПВХ сер. нап. с манж Ру 1,0 МПа Жн 110/110х90",9.0
618,"Тройник ред. 1"" вн. х 1/2"" вн. х 1"" вн., AV Engineering",9.0
198,Тройник ред. 1х3/4х1 Цветлит,9.0
554,Тройник редукционный 32х25х32 (100/20) VALFEX,9.0
564,Тройник сер. 25 (150/30) VALFEX,9.0
701,Тройник-восстановитель раструба ПП для внутр. кан HTSA 110/110х87°,10.0
296,Тройник-врезка (хомут)вн.1/2 Цветлит,9.0
510,"Труба 110х2,2х2000 Ostendorf",10.0
476,"Труба 110х2,7х1000 (с кольцом)",10.0
475,"Труба 110х2,7х2000 (с кольцом)",10.0
478,"Труба 50х1,8х1000 (с кольцом)",9.0
477,"Труба 50х1,8х2000",9.0
506,"Труба 50х1,8х250",9.0
479,"Труба 50х1,8х500 (с кольцом)",9.0
540,"Труба PE-RT для теплого пола 16(2,0) бухта 100м красная РТП (РосТурПла",9.0
247,Труба PE-RT ф16х для теплого пола 200м,9.0
560,Труба арм.стекловолокном SDR7.4 PN20 сер.ф 25х3.5мм(100) VALFEX,9.0
559,"Труба арм.стекловолокном SDR7.4 PN20 сер.ф 32х4,4мм(60) VALFEX",9.0
390,"Труба для внутренней канализации 50х1,5х2000мм РосТурПласт",10.0
287,"Труба для внутренней канализации 50х1,5х250мм РосТурПласт",10.0
171,"Труба для внутренней канализации 50х1,8х1000мм РосТурПласт",10.0
172,"Труба для внутренней канализации 50х1,8х250мм РосТурПласт",10.0
173,"Труба для внутренней канализации 50х1,8х500мм РосТурПласт",10.0
209,"Труба Ду 63х3,0 ПЭ100 SDR21 Ру 8 питьевая",9.0
703,"Труба кан. 90 х2,2 х1000 ПП HTEM Ostendorf",10.0
625,"Труба напорная из полиэтилена ПЭ 100SDR 11 20х2,0",9.0
218,"Труба напорная из полиэтилена ПЭ 100SDR 13,6 25х2,0",9.0
193,"Труба напорная из полиэтилена ПЭ 100SDR 13,6 32х3,0",9.0
185,Труба напорная ПЭ 25,9.0
307,Труба напорная ПЭ 32,9.0
499,Труба напорная ПЭ 40,9.0
327,Труба напорная ПЭ 50х3.0,9.0
143,Труба НК 110х1000мм. SN2 РТП (Для наружной канализации),10.0
613,Труба НК 110х2000мм. SN2 РТП (Для наружной канализации),10.0
424,Труба НК 110х3000мм. SN2 РТП (Для наружной канализации),10.0
614,Труба НК 110х500мм. SN2 РТП (Для наружной канализации),10.0
628,"Труба НПВХ KGEM SN4 160х4,0х2000 Ostendorf",9.0
521,"Труба НПВХ KGEM SN4 160х4,0х3000 Ostendorf",9.0
466,"Труба ПП армир.стекловолокно 20х2,8 серый VALFEX",9.0
467,"Труба ПП армир.стекловолокно 22х3,5 серый VALFEX",9.0
210,"Труба ПП внутр. канал. 50х1,8х1000 Ostendorf",9.0
211,"Труба пп внутр. канал. 50х1,8х2000",10.0
46,"Труба ПП стекловолокно 20х3,4 серый РосТурПласт 4м",9.0
495,Труба ПП стекловолокно 25х3.5 серый РосТурПласт 4м,9.0
47,"Труба ПП стекловолокно 25х4,2 серый РосТурПласт 4м",9.0
157,"Труба ПП стекловолокно 32х5,4 SDR6 белая РосТурПласт 2м",9.0
226,"Труба ПП стекловолокно 32х5,4 SDR6 серая РосТурПласт",9.0
447,Труба ф110х3.4х2000мм. Рыжая VALFEX (Для наружной канализации),10.0
541,Тумба под умывапльник 1 ящик 2 двери Garda Alba16_650,7.0
730,Турбодефлектор из оцинкованной стали TD-315,12.0
556,Угольник сер.90гр.х25 (200/50) VALFEX,8.0
482,Удлинитель гибкий для унитаза 250-500 мм,12.0
377,"Удлинитель гибкий для унитаза, армированный 350 мм, AV Engineering (Го",12.0
262,"Удлинитель гибкий для унитаза, армированный 500 мм, AV Engineering (Го",12.0
727,Узел нижнего подключения радиатора Gappo G267,9.0
112,Узел присоединительный DN-15х36 (2шт в уп.),9.0
48,Узел присоединительный DN-20 уп 2шт Цветлит,9.0
731,"Узел прохода УП 1 (без клапана, с кольцом для сбора конденсата) УП 1-1",9.0
484,Умывальник БРАВО,7.0
502,Умывальник БРАВО 50 1/отв. 1/вел б/к,7.0
49,"Унив. комплект для монтажа алюм. и бимиталлический радиаторов 1"" 1/2",8.0
537,"Унив. комплект для монтажа алюминиевых и биметаллических радиаторов 1""",8.0
263,"Унитаз AV Engineering, Agio (AVFTNR2620)",7.0
480,"Унитаз-компакт""ЦОП"" кнопка ниж.подводка",7.0
676,Фильтр косой  1/2 AV,12.0
50,Фильтр косой  1/2 Цветлит,12.0
376,"Фильтр косой 1"", Цветлит",12.0
219,Фильтр косой 3/4 Цветлит,12.0
735,"Фильтр муфтовый Ду15 (1/2"") VALFEX",12.0
734,"Фильтр муфтовый Ду20 (3/4"") VALFEX",12.0
51,Фильтр ПП вн/вн 20х45 серый РосТурПласт,12.0
52,Фильтр ПП вн/вн 25х45 серый РосТурПласт,12.0
549,Фильтр ПП вн/вн 32х1 (20/10) VALFEX,12.0
81,Фильтр ПП вн/вн 32х45 серый РосТурПласт,12.0
584,"Фильтр самоочищающийся 1"" нар. или 3/4""вн., 100 микрон,  AV Engineerin",12.0
580,"Фильтр самоочищающийся 1"" нар. или 3/4""вн., 100 микрон, с манометром,",12.0
201,Фум-лента PTFE 12ммх10м Startul master,8.0
658,Фум-лента PTFE 12ммх10м Wurth,8.0
622,"Футорка 1 1/2"" М х 1 1/4"" F",9.0
643,"Футорка 1"" нар. х 1/2"" вн",9.0
644,"Футорка 1"" нар. х 3/4"" вн",9.0
690,"Футорка 1/2"" нар. х 1/4"" вн",9.0
722,"Футорка 20/15 ZW50114,",9.0
575,"Футорка 3/4"" нар. х 1/2"" вн., LD (LD.65.507.20х15)",9.0
677,"Футорка лат.никел. 1 1/4""  х 1 "" нр/вр",9.0
186,"Хомут для ПЭ-труб 110х1""",11.0
365,Хомут для ПЭ-труб 25х3/4,11.0
682,Хомут для ПЭ-труб 32х1,11.0
224,Хомут для ПЭ-труб 32х3/4,11.0
232,Хомут для ПЭ-труб 40х3/4,11.0
423,"Хомут для ПЭ-труб 50х1""",11.0
494,"Хомут для ПЭ-труб 50х3/4""",11.0
202,Хомут для ПЭ-труб 63х1,11.0
723,"Хомут для ПЭ-труб 75 х 1""",11.0
691,Хомут для ПЭ-труб 90х1,11.0
213,Хомут ремонтный Maxi 1 85-95х300мм,11.0
531,"Хомут ремонтный оц. ""краб"" 1-1/2"" Ду40; Дн 45-53 шир.70",11.0
530,"Хомут ремонтный оц. ""краб"" 1-1/4"" Ду32; Дн 40-44 шир.70",11.0
598,"Хомут ремонтный оц. ""краб"" 1"" Ду25; Дн 32-35 шир.70",11.0
596,"Хомут ремонтный оц. ""краб"" 1/2"" Ду15; Дн 20-24 шир.70",11.0
599,"Хомут ремонтный оц. ""краб"" 2-1/2"" Ду65; Дн 74-82 шир.70",11.0
532,"Хомут ремонтный оц. ""краб"" 2"" Ду50; Дн 57-67 шир.70",11.0
534,"Хомут ремонтный оц. ""краб"" 3-1/2"" Дн 101-110 шир.150",11.0
533,"Хомут ремонтный оц. ""краб"" 3"" Ду80; Дн 87-95 шир.70",11.0
597,"Хомут ремонтный оц. ""краб"" 3/4"" Ду20; Дн 25-29 шир.70",11.0
600,"Хомут ремонтный оц. ""краб"" 4"" Дн 114-121 шир.150",11.0
546,Цилиндр теплоизоляционный Ц100/А-1000.42.30,9.0
250,Шкаф коллекторный 1015х580х110,7.0
290,Шнур PTFE уплотнительный 20 м,8.0
458,Штуцер присоеденит. с прокладкой Ду 15,9.0
324,Штуцер присоеденит. с прокладкой Ду 50,9.0